Workbook

Sheet Working
J1: Niy | K1: 25000 | L1: Dhar | M1: 26000 | N1: Pwan ( line) | O1: 15000 | P1: Pawan | Q1: 300
A2: 179YK295MULTI - 1197
A3: Row Labels | B3: Expenses | C3: Total Expenses | D3: Percentage | E3: Niy | F3: Dhar | G3: Pwan ( Line) | H3: Pawan | J3: Pawan | K3: Niy | L3: Dhar | M3: Pawan | S3: n | T3: p
A4: 45749 | B4: 2308.75 | C4: 16297 | D4: =+B4/C4*100 -> 14.166718 | E4: =+ROUND(K4/100*D4,0) -> 127 | F4: =+L4/100*D4 -> 89.250322 | G4: =+M4/100*D4 -> 81.741962 | H4: =+J4/100*D4 -> 0 | J4: 0 | K4: 893 | L4: 630 | M4: 577 | S4: 9 | T4: 15
A5: 45750 | B5: 10375 | C5: 17812.25 | D5: =+B5/C5*100 -> 58.246432 | E5: =+ROUND(K5/100*D5,0) -> 520 | F5: =+L5/100*D5 -> 366.95252 | G5: =+M5/100*D5 -> 336.08191 | H5: =+J5/100*D5 -> 0 | J5: 0 | K5: 893 | L5: 630 | M5: 577 | S5: 13
A6: 45751 | B6: 13290 | C6: 21612 | D6: =+B6/C6*100 -> 61.493615 | E6: =+ROUND(K6/100*D6,0) -> 549 | F6: =+L6/100*D6 -> 387.40977 | G6: =+M6/100*D6 -> 354.81816 | H6: =+J6/100*D6 -> 184.48084 | J6: 300 | K6: 893 | L6: 630 | M6: 577
A7: 45752 | B7: 9753.75 | C7: 21954 | D7: =+B7/C7*100 -> 44.428122 | E7: =+ROUND(K7/100*D7,0) -> 397 | F7: =+L7/100*D7 -> 279.89717 | G7: =+M7/100*D7 -> 256.35027 | H7: =+J7/100*D7 -> 133.28437 | J7: 300 | K7: 893 | L7: 630 | M7: 577
A8: 45753 | B8: 5408.3333 | C8: 15988.571 | D8: =+B8/C8*100 -> 33.826245 | E8: =+ROUND(K8/100*D8,0) -> 302 | F8: =+L8/100*D8 -> 213.10534 | G8: =+M8/100*D8 -> 0 | H8: =+J8/100*D8 -> 101.47873 | J8: 300 | K8: 893 | L8: 630 | M8: 0
A9: 45754 | B9: 2963.75 | C9: 20359.389 | D9: =+B9/C9*100 -> 14.557166 | E9: =+ROUND(K9/100*D9,0) -> 130 | F9: =+L9/100*D9 -> 91.710145 | G9: =+M9/100*D9 -> 83.994847 | H9: =+J9/100*D9 -> 43.671497 | J9: 300 | K9: 893 | L9: 630 | M9: 577
A10: 45755 | B10: 1243.75 | C10: 21300.2 | D10: =+B10/C10*100 -> 5.8391471 | E10: =+ROUND(K10/100*D10,0) -> 52 | F10: =+L10/100*D10 -> 36.786626 | G10: =+M10/100*D10 -> 33.691878 | H10: =+J10/100*D10 -> 17.517441 | J10: 300 | K10: 893 | L10: 630 | M10: 577
A11: 45756 | B11: 605 | C11: 20744 | D11: =+B11/C11*100 -> 2.916506 | E11: =+ROUND(K11/100*D11,0) -> 0 | F11: =+L11/100*D11 -> 18.373988 | G11: =+M11/100*D11 -> 16.828239 | H11: =+J11/100*D11 -> 0 | J11: 0 | K11: 0 | L11: 630 | M11: 577
A12: 45761 | B12: 250 | C12: 16912 | D12: =+B12/C12*100 -> 1.4782403 | E12: =+ROUND(K12/100*D12,0) -> 13 | F12: =+L12/100*D12 -> 9.3129139 | G12: =+M12/100*D12 -> 8.5294465 | H12: =+J12/100*D12 -> 0 | J12: 0 | K12: 893 | L12: 630 | M12: 577
A13: Total | E13: =SUM(_FV(E4,"E12")) -> #VALUE! | F13: =SUM(_FV(F4,"F12")) -> #VALUE! | G13: =SUM(_FV(G4,"G12")) -> #VALUE! | H13: =SUM(_FV(H4,"H12")) -> #VALUE!
A17: 190YK214MEHROON- 1060
A18: Row Labels | B18: Expenses | C18: Total Expenses | D18: Percentage | E18: Niy | F18: Dhar | G18: Pwan ( Line) | H18: Pawan | J18: Pawan | K18: Niy | L18: Dhar | M18: Pawan
A19: 45755 | B19: 1885 | C19: 21300.2 | D19: =+B19/C19*100 -> 8.8496822 | E19: =+K19/100*D19 -> 79.027662 | F19: =+L19/100*D19 -> 55.752998 | G19: =+M19/100*D19 -> 51.062666 | H19: =+J19/100*D19 -> 26.549046 | J19: 300 | K19: 893 | L19: 630 | M19: 577
A20: 45756 | B20: 7696.25 | C20: 20744 | D20: =+B20/C20*100 -> 37.101089 | E20: =+K20/100*D20 -> 0 | F20: =+L20/100*D20 -> 233.73686 | G20: =+M20/100*D20 -> 214.07329 | H20: =+J20/100*D20 -> 0 | J20: 0 | K20: 0 | L20: 630 | M20: 577
A21: 45757 | B21: 11050 | C21: 22158 | D21: =+B21/C21*100 -> 49.869122 | E21: =+K21/100*D21 -> 445.33126 | F21: =+L21/100*D21 -> 314.17547 | G21: =+M21/100*D21 -> 287.74483 | H21: =+J21/100*D21 -> 149.60737 | J21: 300 | K21: 893 | L21: 630 | M21: 577
A22: 45758 | B22: 12292.5 | C22: 20984.4 | D22: =+B22/C22*100 -> 58.57923 | E22: =+K22/100*D22 -> 523.11253 | F22: =+L22/100*D22 -> 369.04915 | G22: =+M22/100*D22 -> 338.00216 | H22: =+J22/100*D22 -> 175.73769 | J22: 300 | K22: 893 | L22: 630 | M22: 577
A23: 45759 | B23: 6926.25 | C23: 15960 | D23: =+B23/C23*100 -> 43.397556 | E23: =+K23/100*D23 -> 387.54018 | F23: =+L23/100*D23 -> 273.40461 | G23: =+M23/100*D23 -> 250.4039 | H23: =+J23/100*D23 -> 130.19267 | J23: 300 | K23: 893 | L23: 630 | M23: 577
A24: 45761 | B24: 3168.75 | C24: 16912 | D24: =+B24/C24*100 -> 18.736696 | E24: =+K24/100*D24 -> 167.31869 | F24: =+L24/100*D24 -> 118.04118 | G24: =+M24/100*D24 -> 108.11073 | H24: =+J24/100*D24 -> 0 | J24: 0 | K24: 893 | L24: 630 | M24: 577
A25: Total | E25: =SUM(_FV(E16,"E24")) -> #VALUE! | F25: =SUM(_FV(F16,"F24")) -> #VALUE! | G25: =SUM(_FV(G16,"G24")) -> #VALUE! | H25: =SUM(_FV(H16,"H24")) -> #VALUE!
A28: 393YKGREEN -360
A29: Row Labels | B29: Expenses | C29: Total Expenses | D29: Percentage | E29: Niy | F29: Dhar | G29: Pwan ( Line) | H29: Pawan | J29: Pawan | K29: Niy | L29: Dhar | M29: Pawan
A30: 45743 | B30: 887.5 | C30: 15908.25 | D30: =+B30/C30*100 -> 5.5788663 | E30: =+K30/100*D30 -> 49.763487 | F30: =+L30/100*D30 -> 35.146858 | G30: =+M30/100*D30 -> 32.190059 | H30: =+J30/100*D30 -> 0 | J30: 0 | K30: 892 | L30: 630 | M30: 577
A31: 45744 | B31: 97.5 | C31: 7584.75 | D31: =+B31/C31*100 -> 1.2854741 | E31: =+K31/100*D31 -> 11.466429 | F31: =+L31/100*D31 -> 8.0984871 | G31: =+M31/100*D31 -> 7.4171858 | H31: =+J31/100*D31 -> 0 | J31: 0 | K31: 892 | L31: 630 | M31: 577
A32: 45745 | B32: 233.75 | C32: 12632.25 | D32: =+B32/C32*100 -> 1.8504225 | E32: =+K32/100*D32 -> 16.505769 | F32: =+L32/100*D32 -> 11.657662 | G32: =+M32/100*D32 -> 10.676938 | H32: =+J32/100*D32 -> 0 | J32: 0 | K32: 892 | L32: 630 | M32: 577
A33: 45748 | B33: 1456.25 | C33: 16626.75 | D33: =+B33/C33*100 -> 8.7584766 | E33: =+K33/100*D33 -> 78.125611 | F33: =+L33/100*D33 -> 55.178402 | G33: =+M33/100*D33 -> 50.53641 | H33: =+J33/100*D33 -> 0 | J33: 0 | K33: 892 | L33: 630 | M33: 577
A34: 45749 | B34: 2770 | C34: 16297 | D34: =+B34/C34*100 -> 16.996993 | E34: =+K34/100*D34 -> 151.61318 | F34: =+L34/100*D34 -> 107.08106 | G34: =+M34/100*D34 -> 98.072651 | H34: =+J34/100*D34 -> 0 | J34: 0 | K34: 892 | L34: 630 | M34: 577
A35: 45751 | B35: 375 | C35: 21612 | D35: =+B35/C35*100 -> 1.7351471 | E35: =+K35/100*D35 -> 15.477512 | F35: =+L35/100*D35 -> 10.931427 | G35: =+M35/100*D35 -> 10.011799 | H35: =+J35/100*D35 -> 5.2054414 | J35: 300 | K35: 892 | L35: 630 | M35: 577
A36: 45752 | B36: 250 | C36: 21954 | D36: =+B36/C36*100 -> 1.1387446 | E36: =+K36/100*D36 -> 10.157602 | F36: =+L36/100*D36 -> 7.1740913 | G36: =+M36/100*D36 -> 6.5705566 | H36: =+J36/100*D36 -> 3.4162339 | J36: 300 | K36: 892 | L36: 630 | M36: 577
A37: 45754 | B37: 3176.25 | C37: 20359.389 | D37: =+B37/C37*100 -> 15.60091 | E37: =+K37/100*D37 -> 139.16012 | F37: =+L37/100*D37 -> 98.285735 | G37: =+M37/100*D37 -> 90.017252 | H37: =+J37/100*D37 -> 46.802731 | J37: 300 | K37: 892 | L37: 630 | M37: 577
A38: 45755 | B38: 5355 | C38: 21300.2 | D38: =+B38/C38*100 -> 25.140609 | E38: =+K38/100*D38 -> 224.25423 | F38: =+L38/100*D38 -> 158.38584 | G38: =+M38/100*D38 -> 145.06131 | H38: =+J38/100*D38 -> 75.421827 | J38: 300 | K38: 892 | L38: 630 | M38: 577
A39: 45756 | B39: 2298.75 | C39: 20744 | D39: =+B39/C39*100 -> 11.081518 | E39: =+K39/100*D39 -> 0 | F39: =+L39/100*D39 -> 69.813561 | G39: =+M39/100*D39 -> 63.940356 | H39: =+J39/100*D39 -> 0 | J39: 0 | K39: 0 | L39: 630 | M39: 577
A40: 45757 | B40: 930 | C40: 22158 | D40: =+B40/C40*100 -> 4.1971297 | E40: =+K40/100*D40 -> 37.438397 | F40: =+L40/100*D40 -> 26.441917 | G40: =+M40/100*D40 -> 24.217438 | H40: =+J40/100*D40 -> 12.591389 | J40: 300 | K40: 892 | L40: 630 | M40: 577
A41: 45758 | B41: 250 | C41: 20984.4 | D41: =+B41/C41*100 -> 1.1913612 | E41: =+K41/100*D41 -> 10.626942 | F41: =+L41/100*D41 -> 7.5055756 | G41: =+M41/100*D41 -> 6.8741541 | H41: =+J41/100*D41 -> 3.5740836 | J41: 300 | K41: 892 | L41: 630 | M41: 577
... A43: 45765 | B43: 605 | C43: 20194 | D43: =+B43/C43*100 -> 2.9959394 | E43: =+K43/100*D43 -> 26.723779 | F43: =+L43/100*D43 -> 18.874418 | G43: =+M43/100*D43 -> 17.28657 | H43: =+J43/100*D43 -> 8.9878182 | J43: 300 | K43: 892 | L43: 630 | M43: 577
A44: Total | E44: =SUM(_FV(E35,"E43")) -> #VALUE! | F44: =SUM(_FV(F35,"F43")) -> #VALUE! | G44: =SUM(_FV(G35,"G43")) -> #VALUE! | H44: =SUM(_FV(H35,"H43")) -> #VALUE!
A46: 108YK148PINKRAY -570 | R46: Refersment
A47: Row Labels | B47: Expenses | C47: Total Expenses | D47: Percentage | E47: Niy | F47: Dhar | G47: Pwan ( Line) | H47: Pawan | J47: Pawan | K47: Niy | L47: Dhar | M47: Pawan | R47: Machine nun | S47: Name | T47: 108YK148PINKRAY -570
A48: 45751 | B48: 62.5 | C48: 21612 | D48: =+B48/C48*100 -> 0.28919119 | E48: =+K48/100*D48 -> 2.5795854 | F48: =+L48/100*D48 -> 1.8219045 | G48: =+M48/100*D48 -> 1.6686332 | H48: =+J48/100*D48 -> 0.86757357 | J48: 300 | K48: 892 | L48: 630 | M48: 577 | R48: 45752 | S48: Sirajuddin S/O Idrish | T48: 687.5
A49: 45752 | B49: 3750 | C49: 21954 | D49: =+B49/C49*100 -> 17.08117 | E49: =+K49/100*D49 -> 152.36403 | F49: =+L49/100*D49 -> 107.61137 | G49: =+M49/100*D49 -> 98.558349 | H49: =+J49/100*D49 -> 51.243509 | J49: 300 | K49: 892 | L49: 630 | M49: 577 | R49: 45754 | S49: Saiyad Ali S/O Pharjul Ali | T49: 632.5
A50: 45753 | B50: 3915 | C50: 15988.571 | D50: =+B50/C50*100 -> 24.48624 | E50: =+K50/100*D50 -> 218.66212 | F50: =+L50/100*D50 -> 154.26331 | G50: =+M50/100*D50 -> 0 | H50: =+J50/100*D50 -> 73.458721 | J50: 300 | K50: 893 | L50: 630 | M50: 0 | R50: 45761 | S50: Ramkeval S/o Sukhraj | T50: 687.5
A51: 45754 | B51: 2723.75 | C51: 20359.389 | D51: =+B51/C51*100 -> 13.378349 | E51: =+K51/100*D51 -> 119.33487 | F51: =+L51/100*D51 -> 84.283596 | G51: =+M51/100*D51 -> 77.193071 | H51: =+J51/100*D51 -> 40.135046 | J51: 300 | K51: 892 | L51: 630 | M51: 577 | R51: 45761 | S51: Tasawwar S/O Hadish | T51: 687.5
A52: 45755 | B52: 648.75 | C52: 21300.2 | D52: =+B52/C52*100 -> 3.045746 | E52: =+K52/100*D52 -> 27.168055 | F52: =+L52/100*D52 -> 19.1882 | G52: =+M52/100*D52 -> 17.573955 | H52: =+J52/100*D52 -> 9.1372381 | J52: 300 | K52: 892 | L52: 630 | M52: 577 | R52: 45761 | S52: Jibrail S/o Karamullah | T52: 673.75
A53: 45757 | B53: 97.5 | C53: 22158 | D53: =+B53/C53*100 -> 0.44002166 | E53: =+K53/100*D53 -> 3.9249932 | F53: =+L53/100*D53 -> 2.7721365 | G53: =+M53/100*D53 -> 2.538925 | H53: =+J53/100*D53 -> 1.320065 | J53: 300 | K53: 892 | L53: 630 | M53: 577 | R53: 45762 | S53: Pakruddin S/o Havib | T53: 673.75
A54: 45758 | B54: 536.25 | C54: 20984.4 | D54: =+B54/C54*100 -> 2.5554698 | E54: =+K54/100*D54 -> 22.79479 | F54: =+L54/100*D54 -> 16.09946 | G54: =+M54/100*D54 -> 14.745061 | H54: =+J54/100*D54 -> 7.6664093 | J54: 300 | K54: 892 | L54: 630 | M54: 577 | R54: 45762 | S54: Asalam S/O Shaheed | T54: 687.5
A55: 45759 | B55: 905 | C55: 15960 | D55: =+B55/C55*100 -> 5.6704261 | E55: =+K55/100*D55 -> 50.580201 | F55: =+L55/100*D55 -> 35.723684 | G55: =+M55/100*D55 -> 32.718358 | H55: =+J55/100*D55 -> 17.011278 | J55: 300 | K55: 892 | L55: 630 | M55: 577 | R55: 45762 | S55: Khiru Ram S/o Ramnand | T55: 605
A56: 45761 | B56: 3151.25 | C56: 16912 | D56: =+B56/C56*100 -> 18.633219 | E56: =+K56/100*D56 -> 166.39465 | F56: =+L56/100*D56 -> 117.38928 | G56: =+M56/100*D56 -> 107.51367 | H56: =+J56/100*D56 -> 0 | J56: 0 | K56: 893 | L56: 630 | M56: 577 | R56: 45762 | S56: Raju Kumar | T56: 632.5
A57: 45762 | B57: 6785 | C57: 18801 | D57: =+B57/C57*100 -> 36.088506 | E57: =+K57/100*D57 -> 322.27036 | F57: =+L57/100*D57 -> 227.35759 | G57: =+M57/100*D57 -> 0 | H57: =+J57/100*D57 -> 108.26552 | J57: 300 | K57: 893 | L57: 630 | M57: 0 | R57: 45762 | S57: Mohammad Haneef S/o Ibrahim | T57: 660
A58: 45763 | B58: 2662.5 | C58: 18086 | D58: =+B58/C58*100 -> 14.721331 | E58: =+K58/100*D58 -> 131.46149 | F58: =+L58/100*D58 -> 92.744388 | G58: =+M58/100*D58 -> 84.942082 | H58: =+J58/100*D58 -> 44.163994 | J58: 300 | K58: 893 | L58: 630 | M58: 577 | R58: 45762 | S58: Tasawwar S/O Hadish | T58: 687.5
A59: 45764 | B59: 560 | C59: 20009 | D59: =+B59/C59*100 -> 2.7987406 | E59: =+K59/100*D59 -> 24.992753 | F59: =+L59/100*D59 -> 17.632066 | G59: =+M59/100*D59 -> 16.148733 | H59: =+J59/100*D59 -> 8.3962217 | J59: 300 | K59: 893 | L59: 630 | M59: 577 | R59: 45762 | S59: Samsuddin S/O Peermohammad | T59: 632.5
A60: Total | E60: =SUM(_FV(E51,"E59")) -> #VALUE! | F60: =SUM(_FV(F51,"F59")) -> #VALUE! | G60: =SUM(_FV(G51,"G59")) -> #VALUE! | H60: =SUM(_FV(H51,"H59")) -> #VALUE! | R60: 45762 | S60: Harish Chandra S/O Lakhan | T60: 673.75
R61: 45762 | S61: Hosamudadeen S/o Abidaali | T61: 673.75
R62: 45763 | S62: Asalam S/O Shaheed | T62: 625
R63: 45763 | S63: Mohammad Haneef S/o Ibrahim | T63: 660
S64: Counts | T64: =+SUM(COUNT(_FV(T48,"T63"))) -> 0
A70: 1373YKPINK - 3644
A71: Row Labels | B71: Sum of 1373YKPINK -2585 | C71: AK-140YELLOW | D71: AK-141PINK | E71: Total Expenses style | F71: Total Expenses | G71: Percentage | I71: Niy | J71: Dhar | K71: Pwan ( Line) | L71: Pawan | O71: Pawan (line) | P71: Niy | Q71: Dhar | R71: Pawan
A72: 45758 | B72: 850 | C72: 0 | D72: 0 | E72: =+SUM(_FV(B72,"D72")) -> #VALUE! | F72: 20984.4 | G72: =+E72/F72*100 -> #VALUE! | I72: 893 | J72: 630 | K72: 300 | L72: 577 | O72: =+K72/100*G72 -> #VALUE! | P72: =+I72/100*G72 -> #VALUE! | Q72: =+J72/100*G72 -> #VALUE! | R72: =+L72/100*G72 -> #VALUE!
A73: 45759 | B73: 1866.25 | C73: 0 | D73: 0 | E73: =+SUM(_FV(B73,"D73")) -> #VALUE! | F73: 16030 | G73: =+E73/F73*100 -> #VALUE! | I73: 893 | J73: 630 | K73: 0 | L73: 577 | O73: =+K73/100*G73 -> #VALUE! | P73: =+I73/100*G73 -> #VALUE! | Q73: =+J73/100*G73 -> #VALUE! | R73: =+L73/100*G73 -> #VALUE!
A74: 45761 | B74: 3426.25 | C74: 0 | D74: 0 | E74: =+SUM(_FV(B74,"D74")) -> #VALUE! | F74: 17009 | G74: =+E74/F74*100 -> #VALUE! | I74: 893 | J74: 630 | K74: 0 | L74: 577 | O74: =+K74/100*G74 -> #VALUE! | P74: =+I74/100*G74 -> #VALUE! | Q74: =+J74/100*G74 -> #VALUE! | R74: =+L74/100*G74 -> #VALUE!
A75: 45762 | B75: 6366.25 | C75: 0 | D75: 0 | E75: =+SUM(_FV(B75,"D75")) -> #VALUE! | F75: 18912 | G75: =+E75/F75*100 -> #VALUE! | I75: 893 | J75: 630 | K75: 300 | L75: 0 | O75: =+K75/100*G75 -> #VALUE! | P75: =+I75/100*G75 -> #VALUE! | Q75: =+J75/100*G75 -> #VALUE! | R75: =+L75/100*G75 -> #VALUE!
A76: 45763 | B76: 6448.75 | C76: 0 | D76: 0 | E76: =+SUM(_FV(B76,"D76")) -> #VALUE! | F76: 18307 | G76: =+E76/F76*100 -> #VALUE! | I76: 893 | J76: 630 | K76: 300 | L76: 577 | O76: =+K76/100*G76 -> #VALUE! | P76: =+I76/100*G76 -> #VALUE! | Q76: =+J76/100*G76 -> #VALUE! | R76: =+L76/100*G76 -> #VALUE!
A77: 45764 | B77: 6520 | C77: 0 | D77: 0 | E77: =+SUM(_FV(B77,"D77")) -> #VALUE! | F77: 20230 | G77: =+E77/F77*100 -> #VALUE! | I77: 893 | J77: 630 | K77: 300 | L77: 577 | O77: =+K77/100*G77 -> #VALUE! | P77: =+I77/100*G77 -> #VALUE! | Q77: =+J77/100*G77 -> #VALUE! | R77: =+L77/100*G77 -> #VALUE!
A78: 45765 | B78: 7103.75 | C78: 0 | D78: 0 | E78: =+SUM(_FV(B78,"D78")) -> #VALUE! | F78: 20366.25 | G78: =+E78/F78*100 -> #VALUE! | I78: 0 | J78: 1000 | K78: 300 | L78: 577 | O78: =+K92/100*G78 -> #VALUE! | P78: =+I78/100*G78 -> #VALUE! | Q78: =+J78/100*G78 -> #VALUE! | R78: =+L92/100*G78 -> #VALUE!
A79: 45766 | B79: 4807.5 | C79: 622.5 | D79: 367.5 | E79: =+SUM(_FV(B79,"D79")) -> #VALUE! | F79: 18159.875 | G79: =+E79/F79*100 -> #VALUE! | I79: 0 | J79: 1000 | K79: 300 | L79: 577 | O79: =+K79/100*G79 -> #VALUE! | P79: =+I79/100*G79 -> #VALUE! | Q79: =+J79/100*G79 -> #VALUE! | R79: =+L79/100*G79 -> #VALUE!
A80: 45767 | B80: 2725 | C80: 1136.6667 | D80: 410 | E80: =+SUM(_FV(B80,"D80")) -> #VALUE! | F80: 14590 | G80: =+E80/F80*100 -> #VALUE! | I80: 0 | J80: 1000 | K80: 300 | L80: 577 | O80: =+K80/100*G80 -> #VALUE! | P80: =+I80/100*G80 -> #VALUE! | Q80: =+J80/100*G80 -> #VALUE! | R80: =+L80/100*G80 -> #VALUE!
A81: 45768 | B81: 5998.75 | C81: 543.75 | D81: 183.75 | E81: =+SUM(_FV(B81,"D81")) -> #VALUE! | F81: 19238.75 | G81: =+E81/F81*100 -> #VALUE! | I81: 0 | J81: 1000 | K81: 300 | L81: 577 | O81: =+K81/100*G81 -> #VALUE! | P81: =+I81/100*G81 -> #VALUE! | Q81: =+J81/100*G81 -> #VALUE! | R81: =+L81/100*G81 -> #VALUE!
A82: 45769 | B82: 5760 | C82: 0 | D82: 0 | E82: =+SUM(_FV(B82,"D82")) -> #VALUE! | F82: 18949.25 | G82: =+E82/F82*100 -> #VALUE! | I82: 0 | J82: 1000 | K82: 300 | L82: 577 | O82: =+K82/100*G82 -> #VALUE! | P82: =+I82/100*G82 -> #VALUE! | Q82: =+J82/100*G82 -> #VALUE! | R82: =+L82/100*G82 -> #VALUE!
A83: 45770 | B83: 4765 | C83: 0 | D83: 37.5 | E83: =+SUM(_FV(B83,"D83")) -> #VALUE! | F83: 20783 | G83: =+E83/F83*100 -> #VALUE! | I83: 0 | J83: 1000 | K83: 300 | L83: 577 | O83: =+K83/100*G83 -> #VALUE! | P83: =+I83/100*G83 -> #VALUE! | Q83: =+J83/100*G83 -> #VALUE! | R83: =+L83/100*G83 -> #VALUE!
A84: 45771 | B84: 2350 | C84: 0 | D84: 0 | E84: =+SUM(_FV(B84,"D84")) -> #VALUE! | F84: 20494.25 | G84: =+E84/F84*100 -> #VALUE! | I84: 0 | J84: 1000 | K84: 300 | L84: 577 | O84: =+K84/100*G84 -> #VALUE! | P84: =+I84/100*G84 -> #VALUE! | Q84: =+J84/100*G84 -> #VALUE! | R84: =+L84/100*G84 -> #VALUE!
A85: 45772 | B85: 543.75 | C85: 0 | D85: 0 | E85: =+SUM(_FV(B85,"D85")) -> #VALUE! | F85: 20771 | G85: =+E85/F85*100 -> #VALUE! | I85: 0 | J85: 1000 | K85: 300 | L85: 577 | O85: =+K85/100*G85 -> #VALUE! | P85: =+I85/100*G85 -> #VALUE! | Q85: =+J85/100*G85 -> #VALUE! | R85: =+L85/100*G85 -> #VALUE!
O86: =SUM(_FV(O72,"O85")) -> #VALUE! | P86: =SUM(_FV(P72,"P85")) -> #VALUE! | Q86: =SUM(_FV(Q72,"Q85")) -> #VALUE! | R86: =SUM(_FV(R72,"R85")) -> #VALUE!
A90: 1414YKGREY-420
A91: Row Labels | B91: Sum of 1414YKGREY - 345 | C91: Total Expenses style | D91: Percentage | I91: Niy | J91: Dhar | K91: Pwan ( Line) | L91: Pawan | O91: Pawan (line) | P91: Niy | Q91: Dhar | R91: Pawan
A92: 45766 | B92: 300 | C92: 18159.875 | D92: =+B92/C92*100 -> 1.6519937 | I92: =+VLOOKUP(A92,$A$72:$I$85,9,0) -> 0 | J92: 1000 | K92: 300 | L92: 577 | O92: =+K92/100*D92 -> 4.9559812 | P92: =+I92/100*D92 -> 0 | Q92: =+J92/100*D92 -> 16.519937 | R92: =+L92/100*D92 -> 9.5320039
A93: 45767 | B93: 2231.6667 | C93: 14590 | D93: =+B93/C93*100 -> 15.295865 | I93: =+VLOOKUP(A93,$A$72:$I$85,9,0) -> 0 | J93: 1000 | K93: 300 | L93: 577 | O93: =+K93/100*D93 -> 45.887594 | P93: =+I93/100*D93 -> 0 | Q93: =+J93/100*D93 -> 152.95865 | R93: =+L93/100*D93 -> 88.25714
A94: 45768 | B94: 4285 | C94: 19238.75 | D94: =+B94/C94*100 -> 22.272757 | I94: =+VLOOKUP(A94,$A$72:$I$85,9,0) -> 0 | J94: 1000 | K94: 300 | L94: 577 | O94: =+K94/100*D94 -> 66.81827 | P94: =+I94/100*D94 -> 0 | Q94: =+J94/100*D94 -> 222.72757 | R94: =+L94/100*D94 -> 128.51381
A95: 45769 | B95: 5955 | C95: 18949.25 | D95: =+B95/C95*100 -> 31.426046 | I95: =+VLOOKUP(A95,$A$72:$I$85,9,0) -> 0 | J95: 1000 | K95: 300 | L95: 577 | O95: =+K95/100*D95 -> 94.278138 | P95: =+I95/100*D95 -> 0 | Q95: =+J95/100*D95 -> 314.26046 | R95: =+L95/100*D95 -> 181.32828
A96: 45770 | B96: 5655 | C96: 20783 | D96: =+B96/C96*100 -> 27.209739 | I96: =+VLOOKUP(A96,$A$72:$I$85,9,0) -> 0 | J96: 1000 | K96: 300 | L96: 577 | O96: =+K96/100*D96 -> 81.629216 | P96: =+I96/100*D96 -> 0 | Q96: =+J96/100*D96 -> 272.09739 | R96: =+L96/100*D96 -> 157.00019
A97: 45771 | B97: 2216.25 | C97: 20494.25 | D97: =+B97/C97*100 -> 10.814009 | I97: =+VLOOKUP(A97,$A$72:$I$85,9,0) -> 0 | J97: 1000 | K97: 300 | L97: 577 | O97: =+K97/100*D97 -> 32.442026 | P97: =+I97/100*D97 -> 0 | Q97: =+J97/100*D97 -> 108.14009 | R97: =+L97/100*D97 -> 62.396831
A98: 45772 | B98: 237.5 | C98: 20771 | D98: =+B98/C98*100 -> 1.1434211 | I98: =+VLOOKUP(A98,$A$72:$I$85,9,0) -> 0 | J98: 1000 | K98: 300 | L98: 577 | O98: =+K98/100*D98 -> 3.4302633 | P98: =+I98/100*D98 -> 0 | Q98: =+J98/100*D98 -> 11.434211 | R98: =+L98/100*D98 -> 6.5975398
O99: =+SUM(O92:O98) -> 329.44149 | P99: =+SUM(P92:P98) -> 0 | Q99: =+SUM(Q92:Q98) -> 1098.1383 | R99: =+SUM(R92:R98) -> 633.6258
A102: 1777YKOFFWHITE
A103: Row Labels | B103: Sum of 1777YKOFFWHITE-347 | C103: Total Expenses style | D103: Percentage | I103: Niy | J103: Dhar | K103: Pwan ( Line) | L103: Pawan | O103: Pawan (line) | P103: Niy | Q103: Dhar | R103: Pawan
A104: 45766 | B104: 2600 | C104: =+VLOOKUP(A104,$A$92:$C$98,3,0) -> 18159.875 | D104: =+B104/C104*100 -> 14.317279 | I104: 0 | J104: 1000 | K104: 300 | L104: 577 | O104: =+K104/100*D104 -> 42.951837 | P104: =+I104/100*D104 -> 0 | Q104: =+J104/100*D104 -> 143.17279 | R104: =+L104/100*D104 -> 82.610701
A105: 45767 | B105: 2966.6667 | C105: =+VLOOKUP(A105,$A$92:$C$98,3,0) -> 14590 | D105: =+B105/C105*100 -> 20.333562 | I105: 0 | J105: 1000 | K105: 300 | L105: 577 | O105: =+K105/100*D105 -> 61.000685 | P105: =+I105/100*D105 -> 0 | Q105: =+J105/100*D105 -> 203.33562 | R105: =+L105/100*D105 -> 117.32465
A106: 45768 | B106: 2447.5 | C106: =+VLOOKUP(A106,$A$92:$C$98,3,0) -> 19238.75 | D106: =+B106/C106*100 -> 12.72172 | I106: 0 | J106: 1000 | K106: 300 | L106: 577 | O106: =+K106/100*D106 -> 38.165161 | P106: =+I106/100*D106 -> 0 | Q106: =+J106/100*D106 -> 127.2172 | R106: =+L106/100*D106 -> 73.404327
A107: 45769 | B107: 1437.5 | C107: =+VLOOKUP(A107,$A$92:$C$98,3,0) -> 18949.25 | D107: =+B107/C107*100 -> 7.5860522 | I107: 0 | J107: 1000 | K107: 300 | L107: 577 | O107: =+K107/100*D107 -> 22.758157 | P107: =+I107/100*D107 -> 0 | Q107: =+J107/100*D107 -> 75.860522 | R107: =+L107/100*D107 -> 43.771521
A108: 45770 | B108: 2663.75 | C108: =+VLOOKUP(A108,$A$92:$C$98,3,0) -> 20783 | D108: =+B108/C108*100 -> 12.816966 | I108: 0 | J108: 1000 | K108: 300 | L108: 577 | O108: =+K108/100*D108 -> 38.450897 | P108: =+I108/100*D108 -> 0 | Q108: =+J108/100*D108 -> 128.16966 | R108: =+L108/100*D108 -> 73.953893
A109: 45771 | B109: 907.5 | C109: =+VLOOKUP(A109,$A$92:$C$98,3,0) -> 20494.25 | D109: =+B109/C109*100 -> 4.4280713 | I109: 0 | J109: 1000 | K109: 300 | L109: 577 | O109: =+K109/100*D109 -> 13.284214 | P109: =+I109/100*D109 -> 0 | Q109: =+J109/100*D109 -> 44.280713 | R109: =+L109/100*D109 -> 25.549971
O110: =+SUM(O104:O109) -> 216.61095 | P110: =+SUM(P104:P109) -> 0 | Q110: =+SUM(Q104:Q109) -> 722.03651 | R110: =+SUM(R104:R109) -> 416.61506
A113: 1488YKWHITE
A114: Row Labels | B114: Sum of 1488YKWHITE - 1161 | C114: Total Expenses style | D114: Percentage | I114: Niy | J114: Dhar | K114: Pwan ( Line) | L114: Pawan | O114: Pawan Helper | P114: Niy | Q114: Dhar | R114: Pawan
A115: 45762 | B115: 1555 | C115: 18912 | D115: =+B115/C115*100 -> 8.2222927 | I115: 300 | J115: 893 | K115: 300 | L115: 0 | O115: =+K115/100*D115 -> 24.666878 | P115: =+I115/100*D115 -> 24.666878 | Q115: =+J115/100*D115 -> 73.425074 | R115: =+L115/100*D115 -> 0
A116: 45763 | B116: 3413.75 | C116: 18307 | D116: =+B116/C116*100 -> 18.647239 | I116: 300 | J116: 893 | K116: 300 | L116: 577 | O116: =+K116/100*D116 -> 55.941716 | P116: =+I116/100*D116 -> 55.941716 | Q116: =+J116/100*D116 -> 166.51984 | R116: =+L116/100*D116 -> 107.59457
A117: 45764 | B117: 10300 | C117: 20230 | D117: =+B117/C117*100 -> 50.914483 | I117: 300 | J117: 893 | K117: 300 | L117: 577 | O117: =+K117/100*D117 -> 152.74345 | P117: =+I117/100*D117 -> 152.74345 | Q117: =+J117/100*D117 -> 454.66634 | R117: =+L117/100*D117 -> 293.77657
A118: 45765 | B118: 8988.75 | C118: 20366.25 | D118: =+B118/C118*100 -> 44.135518 | I118: 0 | J118: 1000 | K118: 300 | L118: 577 | O118: =+K118/100*D118 -> 132.40655 | P118: =+I118/100*D118 -> 0 | Q118: =+J118/100*D118 -> 441.35518 | R118: =+L118/100*D118 -> 254.66194
A119: 45766 | B119: 7262.5 | C119: 18159.875 | D119: =+B119/C119*100 -> 39.992015 | I119: 0 | J119: 1000 | K119: 300 | L119: 577 | O119: =+K119/100*D119 -> 119.97605 | P119: =+I119/100*D119 -> 0 | Q119: =+J119/100*D119 -> 399.92015 | R119: =+L119/100*D119 -> 230.75393
...

Sheet Undivideable Expenses
G1: 27000 | H1: =+G1/31 -> 870.96774 | O1: 16000 | Q1: =+O1/31 -> 516.12903
D2: May | G2: Dharmandar | N2: Pawan | U2: May
V3: Total Expenses | W3: Total Salary
D4: 45778 | G4: 12.19 | H4: 870.96774 | I4: =+H4/9.5 -> 91.680815 | J4: =+I4*G4 -> 1117.5891 | L4: =+J4+K4 -> 1117.5891 | N4: 12.28 | O4: 516.12 | P4: =+O4/9.5 -> 54.328421 | Q4: =+P4*N4 -> 667.15301 | S4: =+Q4+R4 -> 667.15301 | U4: 45778 | V4: =+S4+L4 -> 1784.7421 | W4: 20405.75
D5: 45779 | G5: 12.18 | H5: 870.96774 | I5: =+H5/9.5 -> 91.680815 | J5: =+I5*G5 -> 1116.6723 | L5: =+J5+K5 -> 1116.6723 | N5: 7.27 | O5: 516.12 | P5: =+O5/9.5 -> 54.328421 | Q5: =+P5*N5 -> 394.96762 | S5: =+Q5+R5 -> 394.96762 | U5: 45779 | V5: =+S5+L5 -> 1511.6399 | W5: 18853.375
D6: 45780 | G6: 9.32 | H6: 870.96774 | I6: =+H6/9.5 -> 91.680815 | J6: =+I6*G6 -> 854.4652 | L6: =+J6+K6 -> 854.4652 | N6: 9.18 | O6: 516.12 | P6: =+O6/9.5 -> 54.328421 | Q6: =+P6*N6 -> 498.73491 | S6: =+Q6+R6 -> 498.73491 | U6: 45780 | V6: =+S6+L6 -> 1353.2001 | W6: 6329.875
D7: 45781 | G7: 9.31 | H7: 870.96774 | I7: =+H7/9.5 -> 91.680815 | J7: =+I7*G7 -> 853.54839 | K7: 870.96774 | L7: =+J7+K7 -> 1724.5161 | N7: 9.3 | O7: 516.12 | P7: =+O7/9.5 -> 54.328421 | Q7: =+P7*N7 -> 505.25432 | R7: 516.12903 | S7: =+Q7+R7 -> 1021.3833 | U7: 45781 | V7: =+S7+L7 -> 2745.8995 | W7: 9181.1429
D8: 45782 | G8: 10.53 | H8: 870.96774 | I8: =+H8/9.5 -> 91.680815 | J8: =+I8*G8 -> 965.39898 | L8: =+J8+K8 -> 965.39898 | N8: 12.3 | O8: 516.12 | P8: =+O8/9.5 -> 54.328421 | Q8: =+P8*N8 -> 668.23958 | S8: =+Q8+R8 -> 668.23958 | U8: 45782 | V8: =+S8+L8 -> 1633.6386 | W8: 14211
D9: 45783 | G9: 10.14 | H9: 870.96774 | I9: =+H9/9.5 -> 91.680815 | J9: =+I9*G9 -> 929.64346 | L9: =+J9+K9 -> 929.64346 | N9: 12.05 | O9: 516.12 | P9: =+O9/9.5 -> 54.328421 | Q9: =+P9*N9 -> 654.65747 | S9: =+Q9+R9 -> 654.65747 | U9: 45783 | V9: =+S9+L9 -> 1584.3009 | W9: 14709.75
D10: 45784 | G10: 11.23 | H10: 870.96774 | I10: =+H10/9.5 -> 91.680815 | J10: =+I10*G10 -> 1029.5756 | L10: =+J10+K10 -> 1029.5756 | N10: 12.31 | O10: 516.12 | P10: =+O10/9.5 -> 54.328421 | Q10: =+P10*N10 -> 668.78286 | S10: =+Q10+R10 -> 668.78286 | U10: 45784 | V10: =+S10+L10 -> 1698.3584 | W10: 16863.625
D11: 45785 | G11: 11.57 | H11: 870.96774 | I11: =+H11/9.5 -> 91.680815 | J11: =+I11*G11 -> 1060.747 | L11: =+J11+K11 -> 1060.747 | N11: 11.49 | O11: 516.12 | P11: =+O11/9.5 -> 54.328421 | Q11: =+P11*N11 -> 624.23356 | S11: =+Q11+R11 -> 624.23356 | U11: 45785 | V11: =+S11+L11 -> 1684.9806 | W11: 16241.5
D12: 45786 | G12: 12.28 | H12: 870.96774 | I12: =+H12/9.5 -> 91.680815 | J12: =+I12*G12 -> 1125.8404 | L12: =+J12+K12 -> 1125.8404 | N12: 12 | O12: 516.12 | P12: =+O12/9.5 -> 54.328421 | Q12: =+P12*N12 -> 651.94105 | S12: =+Q12+R12 -> 651.94105 | U12: 45786 | V12: =+S12+L12 -> 1777.7815 | W12: 16542.875
D13: 45787 | G13: 10.08 | H13: 870.96774 | I13: =+H13/9.5 -> 91.680815 | J13: =+I13*G13 -> 924.14261 | L13: =+J13+K13 -> 924.14261 | N13: 9.18 | O13: 516.12 | P13: =+O13/9.5 -> 54.328421 | Q13: =+P13*N13 -> 498.73491 | S13: =+Q13+R13 -> 498.73491 | U13: 45787 | V13: =+S13+L13 -> 1422.8775 | W13: 11656.875
D14: 45788 | G14: 0 | H14: 870.96774 | I14: =+H14/9.5 -> 91.680815 | J14: =+I14*G14 -> 0 | K14: 870.96774 | L14: =+J14+K14 -> 870.96774 | N14: 0 | O14: 516.12 | P14: =+O14/9.5 -> 54.328421 | Q14: =+P14*N14 -> 0 | R14: 516.12903 | S14: =+Q14+R14 -> 516.12903 | U14: 45788 | V14: =+S14+L14 -> 1387.0968 | W14: 0
D15: 45789 | G15: 9.26 | H15: 870.96774 | I15: =+H15/9.5 -> 91.680815 | J15: =+I15*G15 -> 848.96435 | L15: =+J15+K15 -> 848.96435 | N15: 0 | O15: 516.12 | P15: =+O15/9.5 -> 54.328421 | Q15: =+P15*N15 -> 0 | S15: =+Q15+R15 -> 0 | U15: 45789 | V15: =+S15+L15 -> 848.96435 | W15: 11583.75
D16: 45790 | G16: 12.38 | H16: 870.96774 | I16: =+H16/9.5 -> 91.680815 | J16: =+I16*G16 -> 1135.0085 | L16: =+J16+K16 -> 1135.0085 | N16: 0 | O16: 516.12 | P16: =+O16/9.5 -> 54.328421 | Q16: =+P16*N16 -> 0 | S16: =+Q16+R16 -> 0 | U16: 45790 | V16: =+S16+L16 -> 1135.0085 | W16: 13642.875
D17: 45791 | G17: 12.05 | H17: 870.96774 | I17: =+H17/9.5 -> 91.680815 | J17: =+I17*G17 -> 1104.7538 | L17: =+J17+K17 -> 1104.7538 | N17: 0 | O17: 516.12 | P17: =+O17/9.5 -> 54.328421 | Q17: =+P17*N17 -> 0 | S17: =+Q17+R17 -> 0 | U17: 45791 | V17: =+S17+L17 -> 1104.7538 | W17: 15322
D18: 45792 | G18: 11.31 | H18: 870.96774 | I18: =+H18/9.5 -> 91.680815 | J18: =+I18*G18 -> 1036.91 | L18: =+J18+K18 -> 1036.91 | N18: 0 | O18: 516.12 | P18: =+O18/9.5 -> 54.328421 | Q18: =+P18*N18 -> 0 | S18: =+Q18+R18 -> 0 | U18: 45792 | V18: =+S18+L18 -> 1036.91 | W18: 15938
D19: 45793 | G19: 9.3 | H19: 870.96774 | I19: =+H19/9.5 -> 91.680815 | J19: =+I19*G19 -> 852.63158 | L19: =+J19+K19 -> 852.63158 | N19: 0 | O19: 516.12 | P19: =+O19/9.5 -> 54.328421 | Q19: =+P19*N19 -> 0 | S19: =+Q19+R19 -> 0 | U19: 45793 | V19: =+S19+L19 -> 852.63158 | W19: 12700
D20: 45794 | G20: 11.58 | H20: 870.96774 | I20: =+H20/9.5 -> 91.680815 | J20: =+I20*G20 -> 1061.6638 | L20: =+J20+K20 -> 1061.6638 | N20: 11.57 | O20: 516.12 | P20: =+O20/9.5 -> 54.328421 | Q20: =+P20*N20 -> 628.57983 | S20: =+Q20+R20 -> 628.57983 | U20: 45794 | V20: =+S20+L20 -> 1690.2437 | W20: 15607
D21: 45795 | G21: 9.24 | H21: 870.96774 | I21: =+H21/9.5 -> 91.680815 | J21: =+I21*G21 -> 847.13073 | K21: 870.96774 | L21: =+J21+K21 -> 1718.0985 | N21: 9.25 | O21: 516.12 | P21: =+O21/9.5 -> 54.328421 | Q21: =+P21*N21 -> 502.53789 | R21: 516.12903 | S21: =+Q21+R21 -> 1018.6669 | U21: 45795 | V21: =+S21+L21 -> 2736.7654 | W21: 13100
D22: 45796 | G22: 9.45 | H22: 870.96774 | I22: =+H22/9.5 -> 91.680815 | J22: =+I22*G22 -> 866.3837 | L22: =+J22+K22 -> 866.3837 | N22: 9.46 | O22: 516.12 | P22: =+O22/9.5 -> 54.328421 | Q22: =+P22*N22 -> 513.94686 | S22: =+Q22+R22 -> 513.94686 | U22: 45796 | V22: =+S22+L22 -> 1380.3306 | W22: 11775.125
D23: 45797 | G23: 9.56 | H23: 870.96774 | I23: =+H23/9.5 -> 91.680815 | J23: =+I23*G23 -> 876.46859 | L23: =+J23+K23 -> 876.46859 | N23: 9.55 | O23: 516.12 | P23: =+O23/9.5 -> 54.328421 | Q23: =+P23*N23 -> 518.83642 | S23: =+Q23+R23 -> 518.83642 | U23: 45797 | V23: =+S23+L23 -> 1395.305 | W23: 14170
D24: 45798 | G24: 10.02 | H24: 870.96774 | I24: =+H24/9.5 -> 91.680815 | J24: =+I24*G24 -> 918.64177 | L24: =+J24+K24 -> 918.64177 | N24: 10.02 | O24: 516.12 | P24: =+O24/9.5 -> 54.328421 | Q24: =+P24*N24 -> 544.37078 | S24: =+Q24+R24 -> 544.37078 | U24: 45798 | V24: =+S24+L24 -> 1463.0125 | W24: 17514
D25: 45799 | G25: 12.04 | H25: 870.96774 | I25: =+H25/9.5 -> 91.680815 | J25: =+I25*G25 -> 1103.837 | L25: =+J25+K25 -> 1103.837 | N25: 12 | O25: 516.12 | P25: =+O25/9.5 -> 54.328421 | Q25: =+P25*N25 -> 651.94105 | S25: =+Q25+R25 -> 651.94105 | U25: 45799 | V25: =+S25+L25 -> 1755.7781 | W25: 15973
D26: 45800 | G26: 12.03 | H26: 870.96774 | I26: =+H26/9.5 -> 91.680815 | J26: =+I26*G26 -> 1102.9202 | L26: =+J26+K26 -> 1102.9202 | N26: 12.04 | O26: 516.12 | P26: =+O26/9.5 -> 54.328421 | Q26: =+P26*N26 -> 654.11419 | S26: =+Q26+R26 -> 654.11419 | U26: 45800 | V26: =+S26+L26 -> 1757.0344 | W26: 17404.5
D27: 45801 | G27: 9.37 | H27: 870.96774 | I27: =+H27/9.5 -> 91.680815 | J27: =+I27*G27 -> 859.04924 | L27: =+J27+K27 -> 859.04924 | N27: 9.38 | O27: 516.12 | P27: =+O27/9.5 -> 54.328421 | Q27: =+P27*N27 -> 509.60059 | S27: =+Q27+R27 -> 509.60059 | U27: 45801 | V27: =+S27+L27 -> 1368.6498 | W27: 13703.75
D28: 45802 | G28: 0 | H28: 870.96774 | I28: =+H28/9.5 -> 91.680815 | J28: =+I28*G28 -> 0 | K28: 870.96774 | L28: =+J28+K28 -> 870.96774 | N28: 0 | O28: 516.12 | P28: =+O28/9.5 -> 54.328421 | Q28: =+P28*N28 -> 0 | R28: 516.12903 | S28: =+Q28+R28 -> 516.12903 | U28: 45802 | V28: =+S28+L28 -> 1387.0968 | W28: 500
D29: 45803 | G29: 11.58 | H29: 870.96774 | I29: =+H29/9.5 -> 91.680815 | J29: =+I29*G29 -> 1061.6638 | L29: =+J29+K29 -> 1061.6638 | N29: 9.24 | O29: 516.12 | P29: =+O29/9.5 -> 54.328421 | Q29: =+P29*N29 -> 501.99461 | S29: =+Q29+R29 -> 501.99461 | U29: 45803 | V29: =+S29+L29 -> 1563.6584 | W29: 10873
D30: 45804 | G30: 9.35 | H30: 870.96774 | I30: =+H30/9.5 -> 91.680815 | J30: =+I30*G30 -> 857.21562 | L30: =+J30+K30 -> 857.21562 | N30: 9.37 | O30: 516.12 | P30: =+O30/9.5 -> 54.328421 | Q30: =+P30*N30 -> 509.05731 | S30: =+Q30+R30 -> 509.05731 | U30: 45804 | V30: =+S30+L30 -> 1366.2729 | W30: 9041.875
D31: 45805 | G31: 12.05 | H31: 870.96774 | I31: =+H31/9.5 -> 91.680815 | J31: =+I31*G31 -> 1104.7538 | L31: =+J31+K31 -> 1104.7538 | N31: 12.04 | O31: 516.12 | P31: =+O31/9.5 -> 54.328421 | Q31: =+P31*N31 -> 654.11419 | S31: =+Q31+R31 -> 654.11419 | U31: 45805 | V31: =+S31+L31 -> 1758.868 | W31: 14867.75
D32: 45806 | G32: 12.03 | H32: 870.96774 | I32: =+H32/9.5 -> 91.680815 | J32: =+I32*G32 -> 1102.9202 | L32: =+J32+K32 -> 1102.9202 | N32: 9.42 | O32: 516.12 | P32: =+O32/9.5 -> 54.328421 | Q32: =+P32*N32 -> 511.77373 | S32: =+Q32+R32 -> 511.77373 | U32: 45806 | V32: =+S32+L32 -> 1614.6939 | W32: 16135
D33: 45807 | G33: 12.09 | H33: 870.96774 | I33: =+H33/9.5 -> 91.680815 | J33: =+I33*G33 -> 1108.4211 | L33: =+J33+K33 -> 1108.4211 | N33: 12.09 | O33: 516.12 | P33: =+O33/9.5 -> 54.328421 | Q33: =+P33*N33 -> 656.83061 | S33: =+Q33+R33 -> 656.83061 | U33: 45807 | V33: =+S33+L33 -> 1765.2517 | W33: 16196
D34: 45808 | G34: 12.1 | H34: 870.96774 | I34: =+H34/9.5 -> 91.680815 | J34: =+I34*G34 -> 1109.3379 | L34: =+J34+K34 -> 1109.3379 | N34: 12.1 | O34: 516.12 | P34: =+O34/9.5 -> 54.328421 | Q34: =+P34*N34 -> 657.37389 | S34: =+Q34+R34 -> 657.37389 | U34: 45808 | V34: =+S34+L34 -> 1766.7118 | W34: 15996
V35: =SUM(V4:V34) -> 48332.457 | W35: =SUM(W4:W34) -> 417039.39 | Y35: =+V35/W35*100 -> 11.589422
D36: June | G36: 27000 | H36: =+G36/30 -> 900 | O36: 16000 | P36: =+O36/30 -> 533.33333 | U36: June
D37: 45809 | G37: 7.06 | H37: 900 | I37: =+H37/100*9.5 -> 85.5 | J37: =+I37*G37 -> 603.63 | K37: 900 | L37: =+J37+K37 -> 1503.63 | N37: 7.07 | O37: 533.33333 | P37: =+O37/9.5 -> 56.140351 | Q37: =+P37*N37 -> 396.91228 | R37: 533.33333 | S37: =+Q37+R37 -> 930.24561 | U37: 45809 | V37: =+S37+L37 -> 2433.8756 | W37: 11500
D38: 45810 | G38: 12.03 | H38: 900 | I38: =+H38/100*9.5 -> 85.5 | J38: =+I38*G38 -> 1028.565 | L38: =+J38+K38 -> 1028.565 | N38: 9.45 | O38: 533.33333 | P38: =+O38/9.5 -> 56.140351 | Q38: =+P38*N38 -> 530.52632 | S38: =+Q38+R38 -> 530.52632 | U38: 45810 | V38: =+S38+L38 -> 1559.0913 | W38: 15005
D39: 45811 | G39: 12.05 | H39: 900 | I39: =+H39/100*9.5 -> 85.5 | J39: =+I39*G39 -> 1030.275 | L39: =+J39+K39 -> 1030.275 | N39: 12.05 | O39: 533.33333 | P39: =+O39/9.5 -> 56.140351 | Q39: =+P39*N39 -> 676.49123 | S39: =+Q39+R39 -> 676.49123 | U39: 45811 | V39: =+S39+L39 -> 1706.7662 | W39: 14801
D40: 45812 | G40: 12.04 | H40: 900 | I40: =+H40/100*9.5 -> 85.5 | J40: =+I40*G40 -> 1029.42 | L40: =+J40+K40 -> 1029.42 | N40: 12.05 | O40: 533.33333 | P40: =+O40/9.5 -> 56.140351 | Q40: =+P40*N40 -> 676.49123 | S40: =+Q40+R40 -> 676.49123 | U40: 45812 | V40: =+S40+L40 -> 1705.9112 | W40: 14754.875
D41: 45813 | G41: 12.17 | H41: 900 | I41: =+H41/100*9.5 -> 85.5 | J41: =+I41*G41 -> 1040.535 | L41: =+J41+K41 -> 1040.535 | N41: 12.19 | O41: 533.33333 | P41: =+O41/9.5 -> 56.140351 | Q41: =+P41*N41 -> 684.35088 | S41: =+Q41+R41 -> 684.35088 | U41: 45813 | V41: =+S41+L41 -> 1724.8859 | W41: 13796
D42: 45814 | G42: 12.08 | H42: 900 | I42: =+H42/100*9.5 -> 85.5 | J42: =+I42*G42 -> 1032.84 | L42: =+J42+K42 -> 1032.84 | N42: 9.58 | O42: 533.33333 | P42: =+O42/9.5 -> 56.140351 | Q42: =+P42*N42 -> 537.82456 | S42: =+Q42+R42 -> 537.82456 | U42: 45814 | V42: =+S42+L42 -> 1570.6646 | W42: 14275
D43: 45815 | G43: 9.14 | H43: 900 | I43: =+H43/100*9.5 -> 85.5 | J43: =+I43*G43 -> 781.47 | L43: =+J43+K43 -> 781.47 | N43: 9.15 | O43: 533.33333 | P43: =+O43/9.5 -> 56.140351 | Q43: =+P43*N43 -> 513.68421 | S43: =+Q43+R43 -> 513.68421 | U43: 45815 | V43: =+S43+L43 -> 1295.1542 | W43: 8940
D44: 45816 | G44: 0 | H44: 900 | I44: =+H44/100*9.5 -> 85.5 | J44: =+I44*G44 -> 0 | K44: 900 | L44: =+J44+K44 -> 900 | N44: 0 | O44: 533.33333 | P44: =+O44/9.5 -> 56.140351 | Q44: =+P44*N44 -> 0 | R44: 533.33333 | S44: =+Q44+R44 -> 533.33333 | U44: 45816 | V44: =+S44+L44 -> 1433.3333 | W44: 0
D45: 45817 | G45: 0 | H45: 900 | I45: =+H45/100*9.5 -> 85.5 | J45: =+I45*G45 -> 0 | L45: =+J45+K45 -> 0 | N45: 10.06 | O45: 533.33333 | P45: =+O45/9.5 -> 56.140351 | Q45: =+P45*N45 -> 564.77193 | S45: =+Q45+R45 -> 564.77193 | U45: 45817 | V45: =+S45+L45 -> 564.77193 | W45: 10164.625
D46: 45818 | G46: 10.03 | H46: 900 | I46: =+H46/100*9.5 -> 85.5 | J46: =+I46*G46 -> 857.565 | L46: =+J46+K46 -> 857.565 | N46: 10.08 | O46: 533.33333 | P46: =+O46/9.5 -> 56.140351 | Q46: =+P46*N46 -> 565.89474 | S46: =+Q46+R46 -> 565.89474 | U46: 45818 | V46: =+S46+L46 -> 1423.4597 | W46: 15683
D47: 45819 | G47: 12.1 | H47: 900 | I47: =+H47/100*9.5 -> 85.5 | J47: =+I47*G47 -> 1034.55 | L47: =+J47+K47 -> 1034.55 | N47: 12.1 | O47: 533.33333 | P47: =+O47/9.5 -> 56.140351 | Q47: =+P47*N47 -> 679.29825 | S47: =+Q47+R47 -> 679.29825 | U47: 45819 | V47: =+S47+L47 -> 1713.8482 | W47: 15689
D48: 45820 | G48: 12.01 | H48: 900 | I48: =+H48/100*9.5 -> 85.5 | J48: =+I48*G48 -> 1026.855 | L48: =+J48+K48 -> 1026.855 | N48: 12.02 | O48: 533.33333 | P48: =+O48/9.5 -> 56.140351 | Q48: =+P48*N48 -> 674.80702 | S48: =+Q48+R48 -> 674.80702 | U48: 45820 | V48: =+S48+L48 -> 1701.662 | W48: 16051
D49: 45821 | G49: 12.07 | H49: 900 | I49: =+H49/100*9.5 -> 85.5 | J49: =+I49*G49 -> 1031.985 | L49: =+J49+K49 -> 1031.985 | N49: 12.07 | O49: 533.33333 | P49: =+O49/9.5 -> 56.140351 | Q49: =+P49*N49 -> 677.61404 | S49: =+Q49+R49 -> 677.61404 | U49: 45821 | V49: =+S49+L49 -> 1709.599 | W49: 15404
D50: 45822 | G50: 12.06 | H50: 900 | I50: =+H50/100*9.5 -> 85.5 | J50: =+I50*G50 -> 1031.13 | L50: =+J50+K50 -> 1031.13 | N50: 12.06 | O50: 533.33333 | P50: =+O50/9.5 -> 56.140351 | Q50: =+P50*N50 -> 677.05263 | S50: =+Q50+R50 -> 677.05263 | U50: 45822 | V50: =+S50+L50 -> 1708.1826 | W50: 15220.125
D51: 45823 | G51: 9.37 | H51: 900 | I51: =+H51/100*9.5 -> 85.5 | J51: =+I51*G51 -> 801.135 | K51: 900 | L51: =+J51+K51 -> 1701.135 | N51: 9.37 | O51: 533.33333 | P51: =+O51/9.5 -> 56.140351 | Q51: =+P51*N51 -> 526.03509 | R51: 533.33333 | S51: =+Q51+R51 -> 1059.3684 | U51: 45823 | V51: =+S51+L51 -> 2760.5034 | W51: 12830
D52: 45824 | G52: 11.58 | H52: 900 | I52: =+H52/100*9.5 -> 85.5 | J52: =+I52*G52 -> 990.09 | L52: =+J52+K52 -> 990.09 | N52: 11.58 | O52: 533.33333 | P52: =+O52/9.5 -> 56.140351 | Q52: =+P52*N52 -> 650.10526 | S52: =+Q52+R52 -> 650.10526 | U52: 45824 | V52: =+S52+L52 -> 1640.1953 | W52: 14681
D53: 45825 | G53: 12.02 | H53: 900 | I53: =+H53/100*9.5 -> 85.5 | J53: =+I53*G53 -> 1027.71 | L53: =+J53+K53 -> 1027.71 | N53: 12.05 | O53: 533.33333 | P53: =+O53/9.5 -> 56.140351 | Q53: =+P53*N53 -> 676.49123 | S53: =+Q53+R53 -> 676.49123 | U53: 45825 | V53: =+S53+L53 -> 1704.2012 | W53: 17215
D54: 45826 | G54: 11.58 | H54: 900 | I54: =+H54/100*9.5 -> 85.5 | J54: =+I54*G54 -> 990.09 | L54: =+J54+K54 -> 990.09 | N54: 11.58 | O54: 533.33333 | P54: =+O54/9.5 -> 56.140351 | Q54: =+P54*N54 -> 650.10526 | S54: =+Q54+R54 -> 650.10526 | U54: 45826 | V54: =+S54+L54 -> 1640.1953 | W54: 17368
D55: 45827 | G55: 12 | H55: 900 | I55: =+H55/100*9.5 -> 85.5 | J55: =+I55*G55 -> 1026 | L55: =+J55+K55 -> 1026 | N55: 12 | O55: 533.33333 | P55: =+O55/9.5 -> 56.140351 | Q55: =+P55*N55 -> 673.68421 | S55: =+Q55+R55 -> 673.68421 | U55: 45827 | V55: =+S55+L55 -> 1699.6842 | W55: 17939.75
D56: 45828 | G56: 12.03 | H56: 900 | I56: =+H56/100*9.5 -> 85.5 | J56: =+I56*G56 -> 1028.565 | L56: =+J56+K56 -> 1028.565 | N56: 12.03 | O56: 533.33333 | P56: =+O56/9.5 -> 56.140351 | Q56: =+P56*N56 -> 675.36842 | S56: =+Q56+R56 -> 675.36842 | U56: 45828 | V56: =+S56+L56 -> 1703.9334 | W56: 18628
D57: 45829 | G57: 9.39 | H57: 900 | I57: =+H57/100*9.5 -> 85.5 | J57: =+I57*G57 -> 802.845 | L57: =+J57+K57 -> 802.845 | N57: 9.4 | O57: 533.33333 | P57: =+O57/9.5 -> 56.140351 | Q57: =+P57*N57 -> 527.7193 | S57: =+Q57+R57 -> 527.7193 | U57: 45829 | V57: =+S57+L57 -> 1330.5643 | W57: 15640
D58: 45830 | G58: 0 | H58: 900 | I58: =+H58/100*9.5 -> 85.5 | J58: =+I58*G58 -> 0 | K58: 0 | L58: =+J58+K58 -> 0 | N58: 0 | O58: 533.33333 | P58: =+O58/9.5 -> 56.140351 | Q58: =+P58*N58 -> 0 | R58: 0 | S58: =+Q58+R58 -> 0 | U58: 45830 | V58: =+S58+L58 -> 0 | W58: 0
D59: 45831 | G59: 12.19 | H59: 900 | I59: =+H59/100*9.5 -> 85.5 | J59: =+I59*G59 -> 1042.245 | L59: =+J59+K59 -> 1042.245 | N59: 12.08 | O59: 533.33333 | P59: =+O59/9.5 -> 56.140351 | Q59: =+P59*N59 -> 678.17544 | S59: =+Q59+R59 -> 678.17544 | U59: 45831 | V59: =+S59+L59 -> 1720.4204 | W59: 19450
D60: 45832 | G60: 12.16 | H60: 900 | I60: =+H60/100*9.5 -> 85.5 | J60: =+I60*G60 -> 1039.68 | L60: =+J60+K60 -> 1039.68 | N60: 12.13 | O60: 533.33333 | P60: =+O60/9.5 -> 56.140351 | Q60: =+P60*N60 -> 680.98246 | S60: =+Q60+R60 -> 680.98246 | U60: 45832 | V60: =+S60+L60 -> 1720.6625 | W60: 19444.5
D61: 45833 | G61: 12.09 | H61: 900 | I61: =+H61/100*9.5 -> 85.5 | J61: =+I61*G61 -> 1033.695 | L61: =+J61+K61 -> 1033.695 | N61: 12.09 | O61: 533.33333 | P61: =+O61/9.5 -> 56.140351 | Q61: =+P61*N61 -> 678.73684 | S61: =+Q61+R61 -> 678.73684 | U61: 45833 | V61: =+S61+L61 -> 1712.4318 | W61: 18274
D62: 45834 | G62: 12.24 | H62: 900 | I62: =+H62/100*9.5 -> 85.5 | J62: =+I62*G62 -> 1046.52 | L62: =+J62+K62 -> 1046.52 | N62: 12.26 | O62: 533.33333 | P62: =+O62/9.5 -> 56.140351 | Q62: =+P62*N62 -> 688.2807 | S62: =+Q62+R62 -> 688.2807 | U62: 45834 | V62: =+S62+L62 -> 1734.8007 | W62: 18253.125
D63: 45835 | G63: 7.29 | H63: 900 | I63: =+H63/100*9.5 -> 85.5 | J63: =+I63*G63 -> 623.295 | L63: =+J63+K63 -> 623.295 | N63: 11.09 | O63: 533.33333 | P63: =+O63/9.5 -> 56.140351 | Q63: =+P63*N63 -> 622.59649 | S63: =+Q63+R63 -> 622.59649 | U63: 45835 | V63: =+S63+L63 -> 1245.8915 | W63: 18131
D64: 45836 | G64: 11.59 | H64: 900 | I64: =+H64/100*9.5 -> 85.5 | J64: =+I64*G64 -> 990.945 | L64: =+J64+K64 -> 990.945 | N64: 9.38 | O64: 533.33333 | P64: =+O64/9.5 -> 56.140351 | Q64: =+P64*N64 -> 526.59649 | S64: =+Q64+R64 -> 526.59649 | U64: 45836 | V64: =+S64+L64 -> 1517.5415 | W64: 19172
D65: 45837 | G65: 7.04 | H65: 900 | I65: =+H65/100*9.5 -> 85.5 | J65: =+I65*G65 -> 601.92 | K65: 900 | L65: =+J65+K65 -> 1501.92 | N65: 0 | O65: 533.33333 | P65: =+O65/9.5 -> 56.140351 | Q65: =+P65*N65 -> 0 | R65: 533.33333 | S65: =+Q65+R65 -> 533.33333 | U65: 45837 | V65: =+S65+L65 -> 2035.2533 | W65: 13830.667
D66: 45838 | G66: 11.59 | H66: 900 | I66: =+H66/100*9.5 -> 85.5 | J66: =+I66*G66 -> 990.945 | L66: =+J66+K66 -> 990.945 | N66: 9.45 | O66: 533.33333 | P66: =+O66/9.5 -> 56.140351 | Q66: =+P66*N66 -> 530.52632 | S66: =+Q66+R66 -> 530.52632 | U66: 45838 | V66: =+S66+L66 -> 1521.4713 | W66: 19402
V67: =SUM(V37:V66) -> 47938.956 | W67: =SUM(W37:W66) -> 441542.67 | Y67: =+V67/W67*100 -> 10.857151
D69: July | E69: Pavan Ghanghoria | I69: Dharmendra Kumar | M69: Ankit | Q69: Shekar | U69: Tasauvar Ali | W69: Taiyab | AA69: Total Expenses | AB69: Total Salary
D70: 45839 | E70: 12.02 | F70: 66 | G70: =+E70*F70 -> 793.32 | I70: 12 | J70: 111 | K70: =+I70*J70 -> 1332 | M70: 0 | N70: 47 | O70: =+M70*N70 -> 0 | Q70: 9.44 | R70: 70 | S70: =+Q70*R70 -> 660.8 | U70: 385 | W70: 0 | X70: 64 | Y70: =+W70*X70 -> 0 | AA70: =+G70+K70+O70+S70+U70+Y70 -> 3171.12 | AB70: 19101
D71: 45840 | E71: 11.56 | F71: 66 | G71: =+E71*F71 -> 762.96 | I71: 11.57 | J71: 111 | K71: =+I71*J71 -> 1284.27 | M71: 0 | N71: 47 | O71: =+M71*N71 -> 0 | Q71: 12.16 | R71: 70 | S71: =+Q71*R71 -> 851.2 | U71: 280 | W71: 0 | X71: 64 | Y71: =+W71*X71 -> 0 | AA71: =+G71+K71+O71+S71+U71+Y71 -> 3178.43 | AB71: 20220
D72: 45841 | E72: 12.07 | F72: 66 | G72: =+E72*F72 -> 796.62 | I72: 12.04 | J72: 111 | K72: =+I72*J72 -> 1336.44 | M72: 0 | N72: 47 | O72: =+M72*N72 -> 0 | Q72: 12.13 | R72: 70 | S72: =+Q72*R72 -> 849.1 | U72: 385 | W72: 0 | X72: 64 | Y72: =+W72*X72 -> 0 | AA72: =+G72+K72+O72+S72+U72+Y72 -> 3367.16 | AB72: 19448
D73: 45842 | E73: 9.42 | F73: 66 | G73: =+E73*F73 -> 621.72 | I73: 11.55 | J73: 111 | K73: =+I73*J73 -> 1282.05 | M73: 0 | N73: 47 | O73: =+M73*N73 -> 0 | Q73: 12.04 | R73: 70 | S73: =+Q73*R73 -> 842.8 | U73: 385 | W73: 12 | X73: 64 | Y73: =+W73*X73 -> 768 | AA73: =+G73+K73+O73+S73+U73+Y73 -> 3899.57 | AB73: 20227
D74: 45843 | E74: 9.41 | F74: 66 | G74: =+E74*F74 -> 621.06 | I74: 9.41 | J74: 111 | K74: =+I74*J74 -> 1044.51 | M74: 0 | N74: 47 | O74: =+M74*N74 -> 0 | Q74: 9.37 | R74: 70 | S74: =+Q74*R74 -> 655.9 | U74: 300 | W74: 9.37 | X74: 64 | Y74: =+W74*X74 -> 599.68 | AA74: =+G74+K74+O74+S74+U74+Y74 -> 3221.15 | AB74: 15316.25
D75: 45844 | F75: 66 | G75: =+E75*F75 -> 0 | J75: 111 | K75: =+I75*J75 -> 0 | M75: 0 | N75: 47 | O75: =+M75*N75 -> 0 | Q75: 0 | R75: 70 | S75: =+Q75*R75 -> 0 | U75: 0 | W75: 0 | X75: 64 | Y75: =+W75*X75 -> 0 | AA75: =+G75+K75+O75+S75+U75+Y75 -> 0 | AB75: 0
D76: 45845 | F76: 66 | G76: =+E76*F76 -> 0 | I76: 9.45 | J76: 111 | K76: =+I76*J76 -> 1048.95 | M76: 0 | N76: 47 | O76: =+M76*N76 -> 0 | Q76: 12.1 | R76: 70 | S76: =+Q76*R76 -> 847 | U76: 413 | W76: 12.08 | X76: 64 | Y76: =+W76*X76 -> 773.12 | AA76: =+G76+K76+O76+S76+U76+Y76 -> 3082.07 | AB76: 19340.25
D77: 45846 | E77: 10.12 | F77: 66 | G77: =+E77*F77 -> 667.92 | I77: 12.11 | J77: 111 | K77: =+I77*J77 -> 1344.21 | M77: 8.3 | N77: 47 | O77: =+M77*N77 -> 390.1 | Q77: 9.33 | R77: 70 | S77: =+Q77*R77 -> 653.1 | U77: 413 | W77: 12.09 | X77: 64 | Y77: =+W77*X77 -> 773.76 | AA77: =+G77+K77+O77+S77+U77+Y77 -> 4242.09 | AB77: 20686
D78: 45847 | E78: 9.37 | F78: 66 | G78: =+E78*F78 -> 618.42 | I78: 4.24 | J78: 111 | K78: =+I78*J78 -> 470.64 | M78: 0 | N78: 47 | O78: =+M78*N78 -> 0 | Q78: 10.43 | R78: 70 | S78: =+Q78*R78 -> 730.1 | U78: 413 | W78: 12.06 | X78: 64 | Y78: =+W78*X78 -> 771.84 | AA78: =+G78+K78+O78+S78+U78+Y78 -> 3004 | AB78: 21121.375
D79: 45848 | F79: 66 | G79: =+E79*F79 -> 0 | I79: 11.49 | J79: 111 | K79: =+I79*J79 -> 1275.39 | M79: 12.3 | N79: 47 | O79: =+M79*N79 -> 578.1 | Q79: 10.49 | R79: 70 | S79: =+Q79*R79 -> 734.3 | U79: 413 | W79: 12.04 | X79: 64 | Y79: =+W79*X79 -> 770.56 | AA79: =+G79+K79+O79+S79+U79+Y79 -> 3771.35 | AB79: 19639
D80: 45849 | F80: 66 | G80: =+E80*F80 -> 0 | I80: 9.37 | J80: 111 | K80: =+I80*J80 -> 1040.07 | M80: 9.55 | N80: 47 | O80: =+M80*N80 -> 448.85 | Q80: 9.39 | R80: 70 | S80: =+Q80*R80 -> 657.3 | U80: 0 | W80: 9.04 | X80: 64 | Y80: =+W80*X80 -> 578.56 | AA80: =+G80+K80+O80+S80+U80+Y80 -> 2724.78 | AB80: 17028.75
D81: 45850 | E81: 9.48 | F81: 66 | G81: =+E81*F81 -> 625.68 | I81: 9.47 | J81: 111 | K81: =+I81*J81 -> 1051.17 | M81: 12 | N81: 47 | O81: =+M81*N81 -> 564 | Q81: 12.06 | R81: 70 | S81: =+Q81*R81 -> 844.2 | U81: 413 | W81: 12.08 | X81: 64 | Y81: =+W81*X81 -> 773.12 | AA81: =+G81+K81+O81+S81+U81+Y81 -> 4271.17 | AB81: 21448
D82: 45851 | E82: 8.56 | F82: 66 | G82: =+E82*F82 -> 564.96 | I82: 9.28 | J82: 111 | K82: =+I82*J82 -> 1030.08 | M82: 12.08 | N82: 47 | O82: =+M82*N82 -> 567.76 | Q82: 9.4 | R82: 70 | S82: =+Q82*R82 -> 658 | U82: 300 | W82: 12.1 | X82: 64 | Y82: =+W82*X82 -> 774.4 | AA82: =+G82+K82+O82+S82+U82+Y82 -> 3895.2 | AB82: 15100
D83: 45852 | E83: 8.5 | F83: 66 | G83: =+E83*F83 -> 561 | I83: 11.29 | J83: 111 | K83: =+I83*J83 -> 1253.19 | M83: 12.15 | N83: 47 | O83: =+M83*N83 -> 571.05 | Q83: 12.09 | R83: 70 | S83: =+Q83*R83 -> 846.3 | U83: 413 | W83: 12.05 | X83: 64 | Y83: =+W83*X83 -> 771.2 | AA83: =+G83+K83+O83+S83+U83+Y83 -> 4415.74 | AB83: 18976.25
D84: 45853 | E84: 8.51 | F84: 66 | G84: =+E84*F84 -> 561.66 | I84: 8.48 | J84: 111 | K84: =+I84*J84 -> 941.28 | M84: 9.46 | N84: 47 | O84: =+M84*N84 -> 444.62 | Q84: 9.38 | R84: 70 | S84: =+Q84*R84 -> 656.6 | U84: 300 | W84: 9.38 | X84: 64 | Y84: =+W84*X84 -> 600.32 | AA84: =+G84+K84+O84+S84+U84+Y84 -> 3504.48 | AB84: 15475
D85: 45854 | E85: 11.43 | F85: 66 | G85: =+E85*F85 -> 754.38 | I85: 11.43 | J85: 111 | K85: =+I85*J85 -> 1268.73 | M85: 12.17 | N85: 47 | O85: =+M85*N85 -> 571.99 | Q85: 9.36 | R85: 70 | S85: =+Q85*R85 -> 655.2 | U85: 413 | W85: 12.1 | X85: 64 | Y85: =+W85*X85 -> 774.4 | AA85: =+G85+K85+O85+S85+U85+Y85 -> 4437.7 | AB85: 19583.5
D86: 45855 | E86: 11.34 | F86: 66 | G86: =+E86*F86 -> 748.44 | I86: 11.44 | J86: 111 | K86: =+I86*J86 -> 1269.84 | M86: 12.18 | N86: 47 | O86: =+M86*N86 -> 572.46 | Q86: 9.34 | R86: 70 | S86: =+Q86*R86 -> 653.8 | U86: 413 | W86: 12.05 | X86: 64 | Y86: =+W86*X86 -> 771.2 | AA86: =+G86+K86+O86+S86+U86+Y86 -> 4428.74 | AB86: 21265
D87: 45856 | E87: 11.57 | F87: 66 | G87: =+E87*F87 -> 763.62 | I87: 11.54 | J87: 111 | K87: =+I87*J87 -> 1280.94 | M87: 12.16 | N87: 47 | O87: =+M87*N87 -> 571.52 | Q87: 9.5 | R87: 70 | S87: =+Q87*R87 -> 665 | U87: 413 | W87: 12.08 | X87: 64 | Y87: =+W87*X87 -> 773.12 | AA87: =+G87+K87+O87+S87+U87+Y87 -> 4467.2 | AB87: 22924.875
D88: 45857 | E88: 9.41 | F88: 66 | G88: =+E88*F88 -> 621.06 | I88: 9.41 | J88: 111 | K88: =+I88*J88 -> 1044.51 | M88: 9.2 | N88: 47 | O88: =+M88*N88 -> 432.4 | Q88: 2.56 | R88: 70 | S88: =+Q88*R88 -> 179.2 | U88: 300 | W88: 9.38 | X88: 64 | Y88: =+W88*X88 -> 600.32 | AA88: =+G88+K88+O88+S88+U88+Y88 -> 3177.49 | AB88: 18823.75
D89: 45858 | F89: 66 | G89: =+E89*F89 -> 0 | J89: 111 | K89: =+I89*J89 -> 0 | M89: 0 | N89: 47 | O89: =+M89*N89 -> 0 | Q89: 0 | R89: 70 | S89: =+Q89*R89 -> 0 | U89: 0 | W89: 0 | X89: 64 | Y89: =+W89*X89 -> 0 | AA89: =+G89+K89+O89+S89+U89+Y89 -> 0 | AB89: 0
D90: 45859 | E90: 12.05 | F90: 66 | G90: =+E90*F90 -> 795.3 | I90: 11.27 | J90: 111 | K90: =+I90*J90 -> 1250.97 | M90: 12.2 | N90: 47 | O90: =+M90*N90 -> 573.4 | Q90: 0 | R90: 70 | S90: =+Q90*R90 -> 0 | U90: 413 | W90: 12.22 | X90: 64 | Y90: =+W90*X90 -> 782.08 | AA90: =+G90+K90+O90+S90+U90+Y90 -> 3814.75 | AB90: 21283.5
D91: 45860 | E91: 11.53 | F91: 66 | G91: =+E91*F91 -> 760.98 | I91: 11.2 | J91: 111 | K91: =+I91*J91 -> 1243.2 | M91: 12.1 | N91: 47 | O91: =+M91*N91 -> 568.7 | Q91: 0 | R91: 70 | S91: =+Q91*R91 -> 0 | U91: 300 | W91: 12.15 | X91: 64 | Y91: =+W91*X91 -> 777.6 | AA91: =+G91+K91+O91+S91+U91+Y91 -> 3650.48 | AB91: 21203
D92: 45861 | E92: 12 | F92: 66 | G92: =+E92*F92 -> 792 | I92: 12 | J92: 111 | K92: =+I92*J92 -> 1332 | M92: 12.23 | N92: 47 | O92: =+M92*N92 -> 574.81 | Q92: 0 | R92: 70 | S92: =+Q92*R92 -> 0 | U92: 413 | W92: 12.12 | X92: 64 | Y92: =+W92*X92 -> 775.68 | AA92: =+G92+K92+O92+S92+U92+Y92 -> 3887.49 | AB92: 20952
D93: 45862 | E93: 12.06 | F93: 66 | G93: =+E93*F93 -> 795.96 | I93: 12.05 | J93: 111 | K93: =+I93*J93 -> 1337.55 | M93: 12.14 | N93: 47 | O93: =+M93*N93 -> 570.58 | Q93: 0 | R93: 70 | S93: =+Q93*R93 -> 0 | U93: 300 | W93: 12.18 | X93: 64 | Y93: =+W93*X93 -> 779.52 | AA93: =+G93+K93+O93+S93+U93+Y93 -> 3783.61 | AB93: 20215
D94: 45863 | E94: 12.04 | F94: 66 | G94: =+E94*F94 -> 794.64 | I94: 12.02 | J94: 111 | K94: =+I94*J94 -> 1334.22 | M94: 12.15 | N94: 47 | O94: =+M94*N94 -> 571.05 | Q94: 0 | R94: 70 | S94: =+Q94*R94 -> 0 | U94: 413 | W94: 12.16 | X94: 64 | Y94: =+W94*X94 -> 778.24 | AA94: =+G94+K94+O94+S94+U94+Y94 -> 3891.15 | AB94: 20752
D95: 45864 | E95: 11.54 | F95: 66 | G95: =+E95*F95 -> 761.64 | I95: 11.51 | J95: 111 | K95: =+I95*J95 -> 1277.61 | M95: 12.14 | N95: 47 | O95: =+M95*N95 -> 570.58 | Q95: 12 | R95: 70 | S95: =+Q95*R95 -> 840 | U95: 413 | W95: 12.11 | X95: 64 | Y95: =+W95*X95 -> 775.04 | AA95: =+G95+K95+O95+S95+U95+Y95 -> 4637.87 | AB95: 20851
D96: 45865 | E96: 9.3 | F96: 66 | G96: =+E96*F96 -> 613.8 | I96: 9.25 | J96: 111 | K96: =+I96*J96 -> 1026.75 | M96: 12 | N96: 47 | O96: =+M96*N96 -> 564 | Q96: 0 | R96: 70 | S96: =+Q96*R96 -> 0 | U96: 300 | W96: 12.1 | X96: 64 | Y96: =+W96*X96 -> 774.4 | AA96: =+G96+K96+O96+S96+U96+Y96 -> 3278.95 | AB96: 16189.375
D97: 45866 | E97: 12 | F97: 66 | G97: =+E97*F97 -> 792 | I97: 12 | J97: 111 | K97: =+I97*J97 -> 1332 | M97: 12.17 | N97: 47 | O97: =+M97*N97 -> 571.99 | Q97: 12.09 | R97: 70 | S97: =+Q97*R97 -> 846.3 | U97: 413 | W97: 12.17 | X97: 64 | Y97: =+W97*X97 -> 778.88 | AA97: =+G97+K97+O97+S97+U97+Y97 -> 4734.17 | AB97: 22146.25
D98: 45867 | E98: 12.21 | F98: 66 | G98: =+E98*F98 -> 805.86 | I98: 3.25 | J98: 111 | K98: =+I98*J98 -> 360.75 | M98: 12.19 | N98: 47 | O98: =+M98*N98 -> 572.93 | Q98: 12.18 | R98: 70 | S98: =+Q98*R98 -> 852.6 | U98: 0 | W98: 12.15 | X98: 64 | Y98: =+W98*X98 -> 777.6 | AA98: =+G98+K98+O98+S98+U98+Y98 -> 3369.74 | AB98: 23655
D99: 45868 | E99: 11.13 | F99: 66 | G99: =+E99*F99 -> 734.58 | I99: 11.09 | J99: 111 | K99: =+I99*J99 -> 1230.99 | M99: 12.27 | N99: 47 | O99: =+M99*N99 -> 576.69 | Q99: 12.16 | R99: 70 | S99: =+Q99*R99 -> 851.2 | U99: 413 | W99: 12.24 | X99: 64 | Y99: =+W99*X99 -> 783.36 | AA99: =+G99+K99+O99+S99+U99+Y99 -> 4589.82 | AB99: 20230
D100: 45869 | E100: 9.28 | F100: 66 | G100: =+E100*F100 -> 612.48 | I100: 9.23 | J100: 111 | K100: =+I100*J100 -> 1024.53 | M100: 9.44 | N100: 47 | O100: =+M100*N100 -> 443.68 | Q100: 9.37 | R100: 70 | S100: =+Q100*R100 -> 655.9 | U100: 300 | W100: 9.45 | X100: 64 | Y100: =+W100*X100 -> 604.8 | AA100: =+G100+K100+O100+S100+U100+Y100 -> 3641.39 | AB100: 18656.25
G101: =SUM(G70:G100) -> 18342.06 | K101: =SUM(K70:K100) -> 33348.84 | O101: =SUM(O70:O100) -> 11871.26 | S101: =SUM(S70:S100) -> 16685.9 | Y101: =SUM(Y70:Y100) -> 19260.8 | AA101: =SUM(AA70:AA100) -> 109538.86 | AB101: =SUM(AB70:AB100) -> 571857.38 | AD101: =+AA101/AB101*100 -> 19.154927 | AJ101: =+AA101/AB101*100 -> 19.154927
...

Sheet Sheet3
A1: Emp. Code: | D1: Dharmendra Kumar S/o Raghuveer
A2: Days | C2: 1 S | D2: 9 M | E2: 10 T | F2: 11 W | G2: 12 Th | H2: 13 F | I2: 14 St | J2: 15 S | K2: 16 M | L2: 17 T | M2: 18 W | N2: 19 Th | O2: 20 F | P2: 21 St | Q2: 22 S | R2: 23 M | S2: 24 T | T2: 25 W | U2: 26 Th | V2: 27 F | W2: 28 St | X2: 29 S | Y2: 30 M
A3: InTime | C3: 08:59 | E3: 09:03 | F3: 08:58 | G3: 09:02 | H3: 09:00 | I3: 09:00 | J3: 0.375 | K3: 09:02 | L3: 09:05 | M3: 09:10 | N3: 09:03 | O3: 09:04 | P3: 09:05 | R3: 08:53 | S3: 08:51 | T3: 08:53 | U3: 08:51 | V3: 09:03 | W3: 09:02 | X3: 09:05 | Y3: 09:04
A4: OutTime | C4: 16:05 | E4: 19:06 | F4: 21:08 | G4: 21:03 | H4: 21:07 | I4: 21:06 | J4: 0.77569444 | K4: 0.875 | L4: 21:07 | M4: 21:08 | N4: 21:03 | O4: 21:07 | P4: 18:44 | R4: 21:12 | S4: 21:07 | T4: 21:02 | U4: 21:15 | V4: 16:32 | W4: 21:01 | X4: 16:09 | Y4: 21:03
A5: Total | C5: 0.29583333 | D5: 0 | E5: 0.41875 | F5: 0.50694444 | G5: 0.50069444 | H5: 0.50486111 | I5: 0.50416667 | J5: 0.40069444 | K5: 0.49861111 | L5: 0.50138889 | M5: 0.49861111 | N5: 0.5 | O5: 0.50208333 | P5: 0.40208333 | Q5: 0 | R5: 0.51319444 | S5: 0.51111111 | T5: 0.50625 | U5: 0.51666667 | V5: 0.31180556 | W5: 0.49930556 | X5: 0.29444444 | Y5: 0.49930556
A8: Emp. Code: | D8: Pavan Ghanghoria S/O Lakhan ghanghoria
A9: Days | C9: 1 S | D9: 9 M | E9: 10 T | F9: 11 W | G9: 12 Th | H9: 13 F | I9: 14 St | J9: 15 S | K9: 16 M | L9: 17 T | M9: 18 W | N9: 19 Th | O9: 20 F | P9: 21 St | Q9: 22 S | R9: 23 M | S9: 24 T | T9: 25 W | U9: 26 Th | V9: 27 F | W9: 28 St | X9: 29 S | Y9: 30 M
A10: InTime | C10: 0.37430556 | D10: 08:16 | E10: 08:59 | F10: 08:58 | G10: 09:02 | H10: 09:00 | I10: 09:00 | J10: 0.375 | K10: 09:02 | L10: 09:04 | M10: 09:10 | N10: 09:03 | O10: 09:04 | P10: 09:04 | R10: 08:52 | S10: 08:52 | T10: 08:53 | U10: 08:50 | V10: 09:03 | W10: 09:02 | Y10: 09:04
A11: OutTime | C11: 0.67083333 | D11: 18:22 | E11: 19:07 | F11: 21:08 | G11: 21:04 | H11: 21:07 | I11: 21:06 | J11: 0.77569444 | K11: 0.875 | L11: 21:09 | M11: 21:08 | N11: 21:03 | O11: 21:07 | P11: 18:44 | R11: 0.875 | S11: 21:05 | T11: 21:02 | U11: 21:16 | V11: 20:12 | W11: 18:40 | Y11: 18:49
A12: Total | C12: 0.29652778 | D12: 0.42083333 | E12: 0.42222222 | F12: 0.50694444 | G12: 0.50138889 | H12: 0.50486111 | I12: 0.50416667 | J12: 0.40069444 | K12: 0.49861111 | L12: 0.50347222 | M12: 0.49861111 | N12: 0.5 | O12: 0.50208333 | P12: 0.40277778 | Q12: 0 | R12: 0.50555556 | S12: 0.50902778 | T12: 0.50625 | U12: 0.51805556 | V12: 0.46458333 | W12: 0.40138889 | X12: 0 | Y12: 0.40625
D23: Indivisible
D25: Pawan | E25: 16000 | F25: =+E25*12 -> 192000 | G25: 306 | H25: =+F25/G25 -> 627.45098 | I25: =+H25/9.5 -> 66.047472
D26: Dharmander | E26: 27000 | F26: =+E26*12 -> 324000 | G26: 306 | H26: =+F26/G26 -> 1058.8235 | I26: =+H26/9.5 -> 111.45511
D27: Ankit | E27: 11500 | F27: =+E27*12 -> 138000 | G27: 306 | H27: =+F27/G27 -> 450.98039 | I27: =+H27/9.5 -> 47.47162
D28: Shekar | E28: 17000 | F28: =+E28*12 -> 204000 | G28: 306 | H28: =+F28/G28 -> 666.66667 | I28: =+H28/9.5 -> 70.175439
D29: Tasavr | E29: =300 -> 300 | H29: 300 | I29: =+H29/8 -> 37.5
D30: Taiyab | E30: 19500 | F30: =+E30*12 -> 234000 | G30: 306 | H30: =+F30/G30 -> 764.70588 | I30: =+H30/12 -> 63.72549
D31: Rajan Kushwaha | E31: 7500 | F31: =+E31*12 -> 90000 | G31: 306 | H31: =+F31/G31 -> 294.11765 | I31: =+H31/12 -> 24.509804
